time,sender,receiver,amount,hour,amount_vs_avg,txn_last_2min,is_new_payee,is_new_device,has_url,type_code,system_said,is_fraud
2026-10-08 16:57:10,U0002,S005,16755,3,11.999804674783515,0,1,0,0,0,RED,1
2026-10-08 16:57:25,U0001,M228,442,14,0.9979624428657966,0,0,0,0,1,GREEN,0
2026-10-08 16:57:42,U0003,S011,1500,20,4.738814194401587,0,1,0,1,2,RED,1
2026-10-08 16:57:51,U0003,S011,1500,20,4.738814194401587,0,1,0,1,2,RED,0
2026-10-08 16:58:13,U0004,S021,4500,2,1.256273782719256,8,1,1,0,2,RED,0
2026-10-08 17:01:22,U0001,M228,442,14,0.9979624428657966,0,0,0,0,1,GREEN,0
2026-10-08 17:01:38,U0002,S005,16755,3,11.999804674783515,0,1,0,0,0,RED,1
2026-10-08 17:01:56,U0003,S011,1500,20,4.738814194401587,0,1,0,1,2,RED,1
2026-10-08 17:02:13,U0004,S021,4500,2,1.256273782719256,8,1,1,0,2,RED,0
2026-10-08 17:02:22,U0005,MULE01,2500,16,4.070998208760788,0,1,0,0,2,RED,1
